,lake,year,date,depth,meanCH4,meanCO2,meanN2O,do_mgl,temp,doy,light,notes,manual_chl,surface_bga
348,Peter,2019,5/15/2019,0,0.48,27.14,NA,9.97,14.9,135,0.79,,,
349,Peter,2019,5/15/2019,3.5,0.31,36.3,NA,13.2,5.9,135,0.04,,,
350,Peter,2019,5/15/2019,6,0.31,199.4,NA,0.42,4.6,135,0.002,,,
351,Peter,2019,5/15/2019,9,12.72,246.1,NA,0.05,4.3,135,0,,,
73,Paul,2019,5/15/2019,0,0.99,46.41,NA,9.93,13.75,135,0.86,,,
352,Peter,2019,5/15/2019,11,160.16,341.98,NA,0.05,4.5,135,0,,,
353,Peter,2019,5/15/2019,13,177.72,321.6,NA,0.04,4.5,135,0,,,
354,Peter,2019,5/15/2019,15,254.32,354.83,NA,0.04,4.6,135,0,,,
74,Paul,2019,5/15/2019,3.5,0.73,45.07,NA,12.9,7,135,0.18,,,
75,Paul,2019,5/15/2019,5,0.44,22.14,NA,6.46,5.5,135,0.04,,,
276,Peter,2018,6/13/2018,0,0.62,29.27,NA,7.6,21.1,164,0.79,,142.3310712,2.826036133
277,Peter,2018,6/13/2018,3.5,0.39,10.07,NA,12.5,9.7,164,0.06,,142.3310712,2.826036133
355,Peter,2019,5/15/2019,16,246.97,368.96,NA,0.03,4.6,135,0,,,
356,Peter,2019,5/22/2019,0,0.74,35.05,NA,9.65,12.6,142,0.74,,,
357,Peter,2019,5/22/2019,3.5,0.71,37.39,NA,13.2,6.4,142,0.03,,,
1,Paul,2018,6/13/2018,0,1.07,41.03,NA,7.1,22.2,164,0.83,,194.0423522,1.639966758
76,Paul,2019,5/15/2019,6,0.32,88.44,NA,0.32,5,135,0.007,,,
278,Peter,2018,6/13/2018,6,0.51,197.62,NA,0.4,4.8,164,0.0049,,142.3310712,2.826036133
279,Peter,2018,6/13/2018,9,12.44,268.23,NA,0.07,4.4,164,0,,,
358,Peter,2019,5/22/2019,6,0.51,147.82,NA,0.54,4.7,142,0.0019,,,
359,Peter,2019,5/22/2019,9,55.76,303.58,NA,0.03,4.4,142,0,,,
2,Paul,2018,6/13/2018,2.5,0.93,63.69,NA,8.6,18,164,0.16,,194.0423522,1.639966758
77,Paul,2019,5/15/2019,8,1.97,151.36,NA,0.06,4.8,135,0.0023,,,
280,Peter,2018,6/13/2018,11,88.47,353.42,NA,0.1,4.4,164,0,,,
281,Peter,2018,6/13/2018,13,321.35,495.49,NA,0.1,4.4,164,0,,,
282,Peter,2018,6/13/2018,15,543.47,507.7,NA,0.1,4.5,164,0,,,
283,Peter,2018,6/13/2018,16,593.12,523.19,NA,0.1,4.5,164,0,,,
360,Peter,2019,5/22/2019,11,109.25,335.85,NA,0.04,4.4,142,0,,,
361,Peter,2019,5/22/2019,13,239.08,399.38,NA,0.03,4.5,142,0,,,
3,Paul,2018,6/13/2018,4.5,0.53,116.28,NA,6.4,8.3,164,0.05,,194.0423522,1.639966758
4,Paul,2018,6/13/2018,6.5,3.84,220.42,NA,0.3,5.4,164,0.011,,194.0423522,1.639966758
5,Paul,2018,6/13/2018,8,119.76,359.86,NA,0.1,4.9,164,0.0038,,194.0423522,1.639966758
78,Paul,2019,5/15/2019,9,57.32,390.31,NA,0.07,4.8,135,0.0011,,,
79,Paul,2019,5/15/2019,10,92.33,391.7,NA,0.04,4.8,135,0,,,
80,Paul,2019,5/15/2019,11.5,114,445.27,NA,0.1,4.8,135,0,,,
284,Peter,2018,6/20/2018,0,1.08,23.55,NA,7.7,22.5,171,0.8,,3.55,198.88
285,Peter,2018,6/20/2018,3.5,0.35,15.43,NA,12.28,11.5,171,0.05,,3.55,198.88
286,Peter,2018,6/20/2018,6,0.47,236.67,NA,0.3,5,171,0.0038,,3.55,198.88
287,Peter,2018,6/20/2018,9,23.65,293.48,NA,0.07,4.6,171,0,replaced with single rep,,
288,Peter,2018,6/20/2018,11,76.83,319.04,NA,0.1,4.4,171,0,replaced with single rep,,
289,Peter,2018,6/20/2018,13,316.4,444.2,NA,0.1,4.4,171,0,"bad reps, replaced with higher value",,
290,Peter,2018,6/20/2018,15,347.22,421.84,NA,0.1,4.5,171,0,"bad reps, replaced with higher value",,
291,Peter,2018,6/20/2018,16,579.91,630.02,NA,0.1,4.5,171,0,replaced with single rep,,
292,Peter,2018,6/27/2018,0,1.5,26.13,NA,6.85,23.1,178,0.84,,1.85,149.94
293,Peter,2018,6/27/2018,3.5,1.02,17.69,NA,12.32,11.8,178,0.04,,1.85,149.94
294,Peter,2018,6/27/2018,6,0.75,136.98,NA,0.3,5.1,178,0.0046,,1.85,149.94
295,Peter,2018,6/27/2018,9,37.38,304.07,NA,0.07,4.6,178,0,,,
296,Peter,2018,6/27/2018,11,136.07,346.11,NA,0.1,4.4,178,0,,,
297,Peter,2018,6/27/2018,13,436.16,468.33,NA,0.1,4.5,178,0,,,
362,Peter,2019,5/22/2019,15,403.99,467.04,NA,0.02,4.6,142,0,,,
363,Peter,2019,5/22/2019,16,404.35,455.9,NA,0.02,4.6,142,0,,,
6,Paul,2018,6/13/2018,9,133.43,350.51,NA,0.07,4.8,164,0.0019,,,
7,Paul,2018,6/13/2018,10,196.7,324.33,NA,0.1,4.8,164,0,,,
8,Paul,2018,6/13/2018,11.5,253.94,361.92,NA,0.1,4.8,164,0,,,
9,Paul,2018,6/20/2018,0,2,54.53,NA,7.16,22.6,171,0.83,,2.40,278.36
10,Paul,2018,6/20/2018,2.5,1.38,48.44,NA,8.11,19.4,171,0.15,,2.40,278.36
11,Paul,2018,6/20/2018,4.5,0.85,83.78,NA,7.53,9.1,171,0.04,,2.40,278.36
298,Peter,2018,6/27/2018,15,583.24,556.89,NA,0.1,4.5,178,0,,,
299,Peter,2018,6/27/2018,16,559.9,522.8,NA,0.1,4.5,178,0,,,
300,Peter,2018,7/4/2018,0,1.54,28.17,NA,6.65,25.7,185,0.75,,313.9764526,2.189452182
301,Peter,2018,7/4/2018,3.5,0.82,44.75,NA,11,13.1,185,0.03,,313.9764526,2.189452182
302,Peter,2018,7/4/2018,6,1.12,281.69,NA,0.19,5.4,185,0.0033,,313.9764526,2.189452182
303,Peter,2018,7/4/2018,9,51.67,375.05,NA,0.07,4.7,185,0,,,
364,Peter,2019,5/29/2019,0,0.59,29.98,NA,8.85,15.7,149,0.74,,2.408659969,526.8648779
365,Peter,2019,5/29/2019,3.5,0.49,22.87,NA,12.32,6.6,149,0.04,,2.408659969,526.8648779
366,Peter,2019,5/29/2019,6,0.41,154.92,NA,0.48,4.8,149,0.0033,,2.408659969,526.8648779
12,Paul,2018,6/20/2018,6.5,7.84,182.03,NA,0.1,5.7,171,0.0085,,2.40,278.36
81,Paul,2019,5/22/2019,0,1.15,45.84,NA,9.47,12.4,142,0.9,,,
304,Peter,2018,7/4/2018,11,112.94,339.78,NA,0.08,4.5,185,0,,,
367,Peter,2019,5/29/2019,9,41.9,265.57,NA,0.22,4.3,149,0,,,
368,Peter,2019,5/29/2019,11,71.75,246.32,NA,0.25,4.4,149,0,,,
369,Peter,2019,5/29/2019,13,244.64,376.89,NA,0.23,4.5,149,0,,,
13,Paul,2018,6/20/2018,8,62.77,311.09,NA,0.1,5.1,171,0.0028,,2.40,278.36
14,Paul,2018,6/20/2018,9,100.21,304.52,NA,0.07,4.9,171,0.0014,,,
15,Paul,2018,6/20/2018,10,117.52,345.2,NA,0.1,4.8,171,0,,,
16,Paul,2018,6/20/2018,11.5,227.17,473.31,NA,0.1,4.8,171,0,,,
17,Paul,2018,6/27/2018,0,2.16,40.91,NA,6.98,23.4,178,0.79,,1.75,241.27
18,Paul,2018,6/27/2018,2.5,2.17,56.89,NA,8.42,20.7,178,0.15,,1.75,241.27
19,Paul,2018,6/27/2018,4.5,1.09,90.72,NA,8.03,9.8,178,0.04,,1.75,241.27
20,Paul,2018,6/27/2018,6.5,0.93,282.84,NA,0.1,6,178,0.01,,1.75,241.27
21,Paul,2018,6/27/2018,8,109.33,446.33,NA,0.1,5,178,0.01,,1.75,241.27
22,Paul,2018,6/27/2018,9,158.35,383.93,NA,0.07,4.9,178,0.0017,,,
23,Paul,2018,6/27/2018,10,243.96,426.08,NA,0.1,4.9,178,0,,,
24,Paul,2018,6/27/2018,11.5,263.65,364.14,NA,0.1,4.9,178,0,,,
25,Paul,2018,7/4/2018,0,2.87,48.4,NA,6.25,24.2,185,0.82,,242.786615,2.482826461
26,Paul,2018,7/4/2018,2.5,2.61,55.1,NA,7.02,22.7,185,0.12,,242.786615,2.482826461
27,Paul,2018,7/4/2018,4.5,0.55,117.09,NA,8.63,10.7,185,0.03,,242.786615,2.482826461
28,Paul,2018,7/4/2018,6.5,0.88,293.42,NA,0.6,6.4,185,0.0065,,242.786615,2.482826461
29,Paul,2018,7/4/2018,8,60.62,371.83,NA,0.1,5.3,185,0.002,,242.786615,2.482826461
30,Paul,2018,7/4/2018,9,190.67,450.93,NA,0.07,5.1,185,0.0009,,,
31,Paul,2018,7/4/2018,10,264.28,472.02,NA,0.1,5,185,0,,,
32,Paul,2018,7/4/2018,11.5,305.1,516.31,NA,0.1,5,185,0,,,
33,Paul,2018,7/18/2018,0,2.83,64.17,NA,6.69,24.5,199,0.77,,3.12,145.20
34,Paul,2018,7/18/2018,2.5,3.13,66.9,NA,6.69,23.9,199,0.145,,3.12,145.20
35,Paul,2018,7/18/2018,4.5,0.59,136.14,NA,7.75,11.4,199,0.03,,3.12,145.20
36,Paul,2018,7/18/2018,6.5,0.84,273.95,NA,0.5,6.7,199,0.0066,,3.12,145.20
37,Paul,2018,7/18/2018,8,112.63,456.35,NA,0.09,5.4,199,0.0021,,3.12,145.20
82,Paul,2019,5/22/2019,2.5,1.35,39.36,NA,10.32,10.7,142,0.2,,,
83,Paul,2019,5/22/2019,4.5,0.67,76.23,NA,10.14,6.6,142,0.05,,,
192,Paul,2024,6/7/2024,0,1.15,27.65,0.0106,5.9,19.9,159,0.892,,,322.4
193,Paul,2024,6/7/2024,2.5,1.24,29.8,0.0103,5.9,18.7,159,0.199,,,322.4
305,Peter,2018,7/4/2018,13,346.44,431.14,NA,0.07,4.6,185,0,,,
306,Peter,2018,7/4/2018,15,488.44,488.96,NA,0.07,4.6,185,0,,,
307,Peter,2018,7/4/2018,16,570.09,538.74,NA,0.06,4.6,185,0,,,
308,Peter,2018,7/18/2018,0,1.51,35.33,NA,7.05,24.2,199,0.84,,2.52,236.55
309,Peter,2018,7/18/2018,3.5,0.71,27.64,NA,12.9,14.8,199,0.04,,2.52,236.55
310,Peter,2018,7/18/2018,6,0.78,156.29,NA,0.25,5.7,199,0.0043,,2.52,236.55
311,Peter,2018,7/18/2018,9,63.59,345.73,NA,0.07,4.6,199,0,,,
312,Peter,2018,7/18/2018,11,201.01,391.68,NA,0.08,4.5,199,0,,,
313,Peter,2018,7/18/2018,13,372.08,489.82,NA,0.08,4.5,199,0,,,
314,Peter,2018,7/18/2018,15,560.62,626.41,NA,0.07,4.5,199,0,,,
315,Peter,2018,7/18/2018,16,517.74,592,NA,0.06,4.6,199,0,,,
316,Peter,2018,7/25/2018,0,1.58,14.79,NA,7.6,23.7,206,0.86,,3.04,297.78
317,Peter,2018,7/25/2018,3.5,0.92,33.49,NA,12.6,15.4,206,0.04,,3.04,297.78
318,Peter,2018,7/25/2018,6,0.59,147.23,NA,0.2,5.9,206,0.0051,,3.04,297.78
319,Peter,2018,7/25/2018,9,27.18,307.22,NA,0.07,4.7,206,0,,,
320,Peter,2018,7/25/2018,11,102.43,214.41,NA,0.1,4.5,206,0,,,
370,Peter,2019,5/29/2019,15,272.99,364.77,NA,0.22,4.5,149,0,,,
466,Peter,2024,6/7/2024,0,0.51,26.85,0.009645,5.7,21.4,159,0.68,light at 0.25 m depth,,185.95
467,Peter,2024,6/7/2024,3.5,0.23,23.45,0.01185,10.2,10.3,159,0.037,,,185.95
84,Paul,2019,5/22/2019,6.5,25.48,258.38,NA,0.1,5,142,0.009,,,
85,Paul,2019,5/22/2019,8,111.73,371.54,NA,0.05,4.8,142,0.0031,,,
371,Peter,2019,5/29/2019,16,334.96,437.74,NA,0.24,4.5,149,0,,,
38,Paul,2018,7/18/2018,9,194.68,500.91,NA,0.07,5.1,199,0.001,"Bad reps, replaced with lower value",,
86,Paul,2019,5/22/2019,9,160.38,393.67,NA,0.04,4.8,142,0.0015,,,
372,Peter,2019,6/5/2019,0,0.68,35.64,NA,8.73,19,156,0.57,,4.55,302.7395833
373,Peter,2019,6/5/2019,3.5,0.33,11.78,NA,13.25,7.3,156,0.03,,4.55,302.7395833
374,Peter,2019,6/5/2019,6,0.95,288.72,NA,0.75,4.9,156,0.0032,,4.55,302.7395833
39,Paul,2018,7/18/2018,10,166.7,456.71,NA,0.08,5,199,0,,,
87,Paul,2019,5/22/2019,10,163.61,411.65,NA,0.03,4.8,142,0,,,
88,Paul,2019,5/22/2019,11.5,173.31,403.74,NA,0.1,4.8,142,0,,,
89,Paul,2019,5/29/2019,0,1.07,52.07,NA,9.57,14.4,149,0.8,,1.79,265.44
375,Peter,2019,6/5/2019,9,42.61,245.53,NA,0.26,4.4,156,0,,,
376,Peter,2019,6/5/2019,11,136.59,311.64,NA,0.24,4.4,156,0,,,
377,Peter,2019,6/5/2019,13,249.26,348.84,NA,0.26,4.5,156,0,,,
378,Peter,2019,6/5/2019,15,364.28,385.55,NA,0.57,4.5,156,0,,,
379,Peter,2019,6/5/2019,16,162.33,217.51,NA,0.44,4.5,156,0,,,
380,Peter,2019,6/20/2019,0,1.09,21.89,NA,7.65,20.2,171,0.58,,7.39,373.373158
381,Peter,2019,6/20/2019,3.5,0.86,51.45,NA,12.74,9.4,171,0.03,,7.39,373.373158
382,Peter,2019,6/20/2019,6,0.76,152.46,NA,0.34,5.2,171,0.0026,,7.39,373.373158
383,Peter,2019,6/20/2019,9,65.38,325.74,NA,0.2,4.4,171,0,,,
384,Peter,2019,6/20/2019,11,143.17,422.58,NA,0.19,4.4,171,0,,,
385,Peter,2019,6/20/2019,13,338.78,503.97,NA,0.21,4.5,171,0,,,
386,Peter,2019,6/20/2019,15,449.47,589.55,NA,0.41,4.5,171,0,,,
90,Paul,2019,5/29/2019,2.5,0.9,44.22,NA,11.4,11.2,149,0.15,,1.79,265.44
387,Peter,2019,6/20/2019,16,536.09,666.22,NA,0.41,4.5,171,0,,,
388,Peter,2019,6/27/2019,0,0.88,17.98,NA,7.45,23,178,0.67,,6.06,393.9160914
389,Peter,2019,6/27/2019,3.5,0.85,15.97,NA,13.12,9.3,178,0.04,,6.06,393.9160914
390,Peter,2019,6/27/2019,6,0.9,176.62,NA,0.26,5.3,178,0.0031,,6.06,393.9160914
391,Peter,2019,6/27/2019,9,73.61,373.15,NA,0.23,4.5,178,0,,,
91,Paul,2019,5/29/2019,4.5,0.45,74.91,NA,9.16,6.8,149,0.04,,1.79,265.44
92,Paul,2019,5/29/2019,6.5,26.12,300.66,NA,0.1,5.2,149,0.011,,1.79,265.44
93,Paul,2019,5/29/2019,8,58.4,390.44,NA,0.45,4.9,149,0.004,,1.79,265.44
321,Peter,2018,7/25/2018,13,484.72,477.64,NA,0.1,4.5,206,0,,,
392,Peter,2019,6/27/2019,11,140.56,347.79,NA,0.24,4.5,178,0,,,
393,Peter,2019,6/27/2019,13,303.56,437.56,NA,0.25,4.5,178,0,,,
94,Paul,2019,5/29/2019,9,81.18,395.1,NA,0.4,4.8,149,0.002,,,
394,Peter,2019,6/27/2019,15,343.38,446.42,NA,0.27,4.5,178,0,,,
40,Paul,2018,7/18/2018,11.5,316.14,453.25,NA,0.1,5,199,0,,,
395,Peter,2019,6/27/2019,16,452.09,565.85,NA,0.25,4.5,178,0,,,
396,Peter,2019,7/3/2019,0,0.96,23.14,NA,7.12,25.1,184,0.68,,2.98,415.7798767
95,Paul,2019,5/29/2019,10,96.47,452.74,NA,0.38,4.8,149,0,,,
96,Paul,2019,5/29/2019,11.5,106.78,413.16,NA,0.1,4.8,149,0,,,
97,Paul,2019,6/5/2019,0,1.21,41.45,NA,7.84,18.9,156,0.87,,2.81,155.31
98,Paul,2019,6/5/2019,2.5,1.44,43.87,NA,10.8,13.1,156,0.18,,2.81,155.31
397,Peter,2019,7/3/2019,3.5,0.76,40.53,NA,12.33,9.8,184,0.03,,2.98,415.7798767
398,Peter,2019,7/3/2019,6,1.75,295.11,NA,0.22,5.4,184,0.0042,,2.98,415.7798767
99,Paul,2019,6/5/2019,4.5,0.78,42.21,NA,10.28,7.5,156,0.06,,2.81,155.31
100,Paul,2019,6/5/2019,6.5,15.01,248.54,NA,0.6,5.4,156,0.01,,2.81,155.31
322,Peter,2018,7/25/2018,15,657.83,554.76,NA,0.1,4.5,206,0,,,
399,Peter,2019,7/3/2019,9,69.72,354.82,NA,0.2,4.5,184,0,,,
41,Paul,2018,7/25/2018,0,1.2,38.32,NA,7,23.4,206,0.82,,4.18,152.77
194,Paul,2024,6/7/2024,4.5,0.33,17.15,0.01265,9.1,10.6,159,0.061,,,322.4
195,Paul,2024,6/7/2024,6.5,0.12,153,0.00433,4.5,6.3,159,0.018,,,322.4
196,Paul,2024,6/7/2024,8,98.3,342.5,-0.00023,0.6,5.6,159,0.0052,,,322.4
197,Paul,2024,6/7/2024,9,1.27,351,0.004065,0.4,5.1,159,0.0028,,,
198,Paul,2024,6/7/2024,11.5,98.3,393,0.01085,0.2,4.9,159,0,"suspiciously low CH4 (1.69), replaced with values from next highest depth",,
468,Peter,2024,6/7/2024,6,0.03,189.5,0.00845,5.5,4.7,159,0.0026,,,185.95
323,Peter,2018,7/25/2018,16,566.21,480.17,NA,0.1,4.5,206,0,,,
400,Peter,2019,7/3/2019,11,178.45,425.22,NA,0.18,4.5,184,0,,,
401,Peter,2019,7/3/2019,13,340.43,559.28,NA,0.24,4.5,184,0,,,
469,Peter,2024,6/7/2024,9,8.85,272,-0.0015045,0.3,4.5,159,0,,,
470,Peter,2024,6/7/2024,11,106.95,340,-0.00163,0.2,4.4,159,0,,,
471,Peter,2024,6/7/2024,13,266.5,396.5,-0.0014055,0.2,4.5,159,0,,,
472,Peter,2024,6/7/2024,16,426,469,-0.00208,0.1,4.6,159,0,,,
473,Peter,2024,6/10/2024,0,0.44,20.6,0.0112,8.1,21.1,162,0.728,,,133.66
474,Peter,2024,6/10/2024,3.5,0.26,27.5,0.0129,10.8,11,162,0.026,,,133.66
475,Peter,2024,6/10/2024,6,0.07,104.5,0.0123,4.6,5.1,162,0.0024,,,133.66
476,Peter,2024,6/10/2024,9,7.61,276.5,0.00069,0.2,4.5,162,0,,,
477,Peter,2024,6/10/2024,11,101.95,350.5,-0.0008076,0.2,4.4,162,0,,,
478,Peter,2024,6/10/2024,13,180.5,231.5,-0.00234,0.2,4.5,162,0,,,
479,Peter,2024,6/10/2024,16,361,469,0.00571,0.2,4.6,162,0,,,
199,Paul,2024,6/11/2024,0,1.22,31.85,0.01135,9.2,16.4,163,0.864,,,279.61
200,Paul,2024,6/11/2024,2.5,1.27,32.2,0.0109,8.1,17.9,163,0.214,,,279.61
201,Paul,2024,6/11/2024,4.5,0.33,17.2,0.01255,12.8,10.6,163,0.077,,,279.61
202,Paul,2024,6/11/2024,6.5,0.17,124,0.006645,4.4,6.5,163,0.023,,,279.61
203,Paul,2024,6/11/2024,8,2.59,224,0.0038315,0.5,5.5,163,0.0092,"Bad reps, replaced with higher value",,279.61
204,Paul,2024,6/11/2024,9,85.85,351,-0.001193,0.2,5,163,0.0051,,,
205,Paul,2024,6/11/2024,11.5,161,393,-0.00254,0.1,4.9,163,0,,,
480,Peter,2024,6/18/2024,0,0.31,10.3,0.01515,6.9,23.4,170,0.754,light at 0.25 m depth,,415.4
101,Paul,2019,6/5/2019,8,66.58,287.6,NA,0.27,4.9,156,0.0033,,2.81,155.31
102,Paul,2019,6/5/2019,9,26.85,143.91,NA,0.26,4.9,156,0.0016,,,
103,Paul,2019,6/5/2019,10,134.84,321.33,NA,0.27,4.8,156,0,,,
402,Peter,2019,7/3/2019,15,366.38,509.63,NA,0.22,4.5,184,0,,,
104,Paul,2019,6/5/2019,11.5,144.72,372.74,NA,0.1,4.8,156,0,,,
403,Peter,2019,7/3/2019,16,318.73,501.72,NA,0.22,4.5,184,0,,,
404,Peter,2019,7/11/2019,0,1.4,36.67,NA,6.76,24.5,192,0.75,,3.36,690.593313
405,Peter,2019,7/11/2019,3.5,0.9,36.23,NA,12.55,10.2,192,0.03,,3.36,690.593313
406,Peter,2019,7/11/2019,6,1.45,235.7,NA,0.18,5.6,192,0.0032,,3.36,690.593313
407,Peter,2019,7/11/2019,9,88.4,363.55,NA,0.13,4.6,192,0,,,
408,Peter,2019,7/11/2019,11,171.51,502.41,NA,0.15,4.5,192,0,suspiciously high CH4 value (241.15) replaced with mean from week before and after,,
105,Paul,2019,6/20/2019,0,1.7,47.65,NA,7.73,19.9,171,0.81,,1.87,170.19
106,Paul,2019,6/20/2019,2.5,1.58,46.73,NA,9.85,17.4,171,0.16,,1.87,170.19
107,Paul,2019,6/20/2019,4.5,0.66,66.2,NA,10.86,8.8,171,0.04,,1.87,170.19
409,Peter,2019,7/11/2019,13,343.44,534.88,NA,0.13,4.5,192,0,,,
410,Peter,2019,7/11/2019,15,385.63,544.52,NA,0.15,4.5,192,0,,,
108,Paul,2019,6/20/2019,6.5,1.06,299.73,NA,0.95,6.2,171,0.01,"rep switched with rep in depth 8, placed reps into proper depth and recalculated",1.87,170.19
411,Peter,2019,7/11/2019,16,429.15,573.96,NA,0.13,4.5,192,0,,,
412,Peter,2019,7/18/2019,0,1.49,19.41,NA,7.76,25.6,199,0.77,,10.99,1297.426555
413,Peter,2019,7/18/2019,3.5,0.94,91.47,NA,11.93,13.3,199,0.03,,10.99,1297.426555
414,Peter,2019,7/18/2019,6,1.13,279.03,NA,0.17,6,199,0.0017,,10.99,1297.426555
109,Paul,2019,6/20/2019,8,57.04,262.83,NA,0.32,5.2,171,0.0036,,1.87,170.19
110,Paul,2019,6/20/2019,9,120.22,409.9,NA,0.28,5,171,0.0018,,,
111,Paul,2019,6/20/2019,10,99.82,391.54,NA,0.27,4.9,171,0,,,
324,Peter,2018,8/1/2018,0,1.53,24.22,NA,7.29,23.4,213,0.81,,3.16,320.50
415,Peter,2019,7/18/2019,9,51.83,356.49,NA,0.08,4.7,199,0,,,
416,Peter,2019,7/18/2019,11,164.57,432.4,NA,0.08,4.6,199,0,,,
417,Peter,2019,7/18/2019,13,287.95,492.62,NA,0.07,4.6,199,0,,,
418,Peter,2019,7/18/2019,15,381.95,562.68,NA,0.06,4.6,199,0,,,
481,Peter,2024,6/18/2024,3.5,0.09,45.95,0.017,8.8,12,170,0.02,,,415.4
482,Peter,2024,6/18/2024,6,0.05,207,0.017,2.6,5,170,0.0008,,,415.4
483,Peter,2024,6/18/2024,9,16.2,277.5,0.005025,0.6,4.5,170,0,,,
484,Peter,2024,6/18/2024,11,108,343.5,0.004345,0.3,4.4,170,0,,,
485,Peter,2024,6/18/2024,13,236.5,405,0.00441,0.2,4.5,170,0,,,
112,Paul,2019,6/20/2019,11.5,153.14,412.95,NA,0.1,4.9,171,0,,,
113,Paul,2019,6/27/2019,0,1.47,38.36,NA,7.59,22.3,178,0.87,,5.82,189.91
419,Peter,2019,7/18/2019,16,367.25,485.58,NA,0.06,4.6,199,0,,,
420,Peter,2019,7/25/2019,0,1.78,0,NA,9.1,25,206,0.67,,32.84,3156.427083
421,Peter,2019,7/25/2019,3.5,1.4,18.61,NA,12.03,12.2,206,0.02,,32.84,3156.427083
114,Paul,2019,6/27/2019,2.5,1.22,33.14,NA,9.55,18.7,178,0.13,,5.82,189.91
115,Paul,2019,6/27/2019,4.5,0.69,56.75,NA,11.95,9.6,178,0.04,,5.82,189.91
116,Paul,2019,6/27/2019,6.5,2.72,208.86,NA,0.42,6.3,178,0.01,,5.82,189.91
117,Paul,2019,6/27/2019,8,37.31,282.99,NA,0.26,5.3,178,0.0037,,5.82,189.91
422,Peter,2019,7/25/2019,6,1.57,182.19,NA,0.39,5.7,206,0.0017,,32.84,3156.427083
118,Paul,2019,6/27/2019,9,103.84,418.5,NA,0.23,5.1,178,0.0018,,,
42,Paul,2018,7/25/2018,2.5,1.76,54.27,NA,6.7,22.6,206,0.11,,4.18,152.77
486,Peter,2024,6/18/2024,16,286.5,439.5,0.004015,0.2,4.5,170,0,,,
206,Paul,2024,6/18/2024,0,0.89,31.55,0.01505,6.5,25.8,170,0.817,,,286.21
207,Paul,2024,6/18/2024,2.5,3.14,35.15,0.0144,7.5,19.5,170,0.198,,,286.21
208,Paul,2024,6/18/2024,4.5,0.29,23.5,0.0145,10.4,11.9,170,0.057,,,286.21
209,Paul,2024,6/18/2024,6.5,0.38,135,0.008675,5.4,7,170,0.013,,,286.21
210,Paul,2024,6/18/2024,8,42.55,295.5,0.00442,0.4,5.8,170,0.005,,,286.21
211,Paul,2024,6/18/2024,9,77.9,327,0.004205,0.3,5.3,170,0.0026,,,
325,Peter,2018,8/1/2018,3.5,0.98,33.13,NA,11.45,16.6,213,0.04,,3.16,320.50
326,Peter,2018,8/1/2018,6,0.65,157.7,NA,0.32,6.1,213,0.0043,,3.16,320.50
423,Peter,2019,7/25/2019,9,97.92,400.91,NA,0.17,4.6,206,0,"bad rep, replaced with lower value",,
212,Paul,2024,6/18/2024,11.5,93.6,326,0.00431,0.1,5.1,170,0,,,
487,Peter,2024,6/24/2024,0,0.48,4.25,0.00734,8.5,23.6,176,0.637,,,287.4
488,Peter,2024,6/24/2024,3.5,0.04,62,0.01032,10.5,12,176,0.016,,,287.4
489,Peter,2024,6/24/2024,6,0.01,264,0,7.5,5.5,176,0.0014,,,287.4
490,Peter,2024,6/24/2024,9,35.7,281.5,0,0.36,4.6,176,0,"do measurement bad, replaced with mean from same depth and year",,
491,Peter,2024,6/24/2024,11,115.5,343.5,0,0.31,4.5,176,0,,,
492,Peter,2024,6/24/2024,13,219,398,0,0.25,4.5,176,0,,,
493,Peter,2024,6/24/2024,16,321.5,451.5,0,0.3,4.6,176,0,,,
119,Paul,2019,6/27/2019,10,126.11,464.61,NA,0.24,5,178,0,,,
120,Paul,2019,6/27/2019,11.5,123.27,384.11,NA,0.1,5,178,0,,,
213,Paul,2024,6/24/2024,0,1.61,28.25,0.00697,7.8,24.2,176,0.75,,,355.53
214,Paul,2024,6/24/2024,2.5,1.57,32.95,0.00694,8.3,20.1,176,0.178,,,355.53
215,Paul,2024,6/24/2024,4.5,0.3,20.05,0.0083,12.4,12.6,176,0.053,,,355.53
121,Paul,2019,7/3/2019,0,2.01,50.92,NA,6.91,24,184,0.92,,4.23,170.05
122,Paul,2019,7/3/2019,2.5,1.24,44.21,NA,8.51,19,184,0.13,,4.23,170.05
327,Peter,2018,8/1/2018,9,19.99,230.22,NA,0.06,4.7,213,0,,,
123,Paul,2019,7/3/2019,4.5,0.57,57.43,NA,10.81,9.8,184,0.04,,4.23,170.05
424,Peter,2019,7/25/2019,11,213.23,511.71,NA,0.12,4.5,206,0,,,
425,Peter,2019,7/25/2019,13,283.01,487.46,NA,0.12,4.5,206,0,,,
124,Paul,2019,7/3/2019,6.5,9.35,361.52,NA,0.91,6.4,184,0.01,,4.23,170.05
216,Paul,2024,6/24/2024,6.5,0.09,200,0.002125,3.7,7.1,176,0.012,,,355.53
217,Paul,2024,6/24/2024,8,24.95,314,0,0.6,5.8,176,0.0041,,,355.53
218,Paul,2024,6/24/2024,9,63.7,310,0,0.9,5.5,176,0.0021,,,
219,Paul,2024,6/24/2024,11.5,92.95,338,0,0.2,5.3,176,0,,,
43,Paul,2018,7/25/2018,4.5,0.49,133.26,NA,7.1,12.1,206,0.03,,4.18,152.77
125,Paul,2019,7/3/2019,8,73.15,451.84,NA,0.27,5.3,184,0.0034,,4.23,170.05
426,Peter,2019,7/25/2019,15,318.9,454.99,NA,0.13,4.6,206,0,,,
126,Paul,2019,7/3/2019,9,118.9,584.28,NA,0.23,5.1,184,0.0017,,,
494,Peter,2024,7/4/2024,0,0.46,24.8,0.0086,6.5,22.4,186,0.663,,,178.12
495,Peter,2024,7/4/2024,3.5,0,74.05,0.01008,8.2,12.9,186,0.014,,,178.12
496,Peter,2024,7/4/2024,6,0.02,189,0.00439,2.6,5.6,186,0.0008,,,178.12
497,Peter,2024,7/4/2024,9,24.35,266,0,0.36,4.7,186,0,"do measurement bad, replaced with mean from same depth and year",,
498,Peter,2024,7/4/2024,11,79.6,306.5,0,0.31,4.6,186,0,"bad reps, replaced with higher value; DO measurement bad, replaced with mean from same depth and year",,
499,Peter,2024,7/4/2024,13,231,410.5,0,0.25,4.5,186,0,"do measurement bad, replaced with mean from same depth and year",,
500,Peter,2024,7/4/2024,16,319.5,444,0,0.4,4.6,186,0,,,
328,Peter,2018,8/1/2018,11,111.83,291.77,NA,0.05,4.5,213,0,,,
220,Paul,2024,7/4/2024,0,1.8,31.05,0.00705,7.3,22.4,186,0.709,,,151.39
221,Paul,2024,7/4/2024,2.5,1.23,32.3,0.006785,7.3,20.6,186,0.193,,,151.39
222,Paul,2024,7/4/2024,4.5,0.25,25.85,0.008755,11,13.4,186,0.055,,,151.39
223,Paul,2024,7/4/2024,6.5,0.06,220,0,7,7.4,186,0.009,,,151.39
224,Paul,2024,7/4/2024,8,38.8,299.5,0,0.6,6.1,186,0.0047,,,151.39
225,Paul,2024,7/4/2024,9,82.45,322.5,0,0.3,5.6,186,0.0024,,,
427,Peter,2019,7/25/2019,16,539.86,702.76,NA,0.14,4.6,206,0,,,
428,Peter,2019,8/1/2019,0,1.48,0,NA,8.92,23.5,213,0.7,,30.19,3633.403541
127,Paul,2019,7/3/2019,10,105.4,499.24,NA,0.21,5,184,0,,,
429,Peter,2019,8/1/2019,3.5,0.52,50.1,NA,11.55,12.5,213,0.01,,30.19,3633.403541
430,Peter,2019,8/1/2019,6,1.72,229.2,NA,0.25,5.8,213,0.0008,,30.19,3633.403541
128,Paul,2019,7/3/2019,11.5,130.02,576.62,NA,0.1,5,184,0,,,
431,Peter,2019,8/1/2019,9,72.18,334.51,NA,0.13,4.6,213,0,,,
44,Paul,2018,7/25/2018,6.5,0.44,204.67,NA,0.2,6.7,206,0.0065,,4.18,152.77
226,Paul,2024,7/4/2024,11.5,123,347.5,0,0.1,5.3,186,0,,,
501,Peter,2024,7/8/2024,0,0.62,14.85,0.00879,6.5,23.2,190,0.584,,,2345.67
432,Peter,2019,8/1/2019,11,157.95,365.94,NA,0.13,4.5,213,0,,,
433,Peter,2019,8/1/2019,13,331.45,475.64,NA,0.13,4.5,213,0,,,
129,Paul,2019,7/11/2019,0,3.04,49.32,NA,5.97,24.6,192,0.94,,3.58,235.47
502,Peter,2024,7/8/2024,3.5,0.05,90.65,0.00985,7.7,13.5,190,0.011,,,2345.67
503,Peter,2024,7/8/2024,6,0,268,0,3.2,5.8,190,0.0007,,,2345.67
504,Peter,2024,7/8/2024,9,19.85,267.5,0,0.36,4.7,190,0,"do measurement bad, replaced with mean from same depth and year",,
505,Peter,2024,7/8/2024,11,143.5,337.5,0,0.31,4.6,190,0,"do measurement bad, replaced with mean from same depth and year",,
506,Peter,2024,7/8/2024,13,240.5,389.5,0,0.25,4.6,190,0,"do measurement bad, replaced with mean from same depth and year",,
507,Peter,2024,7/8/2024,16,324,433,0,0.3,4.6,190,0,,,
227,Paul,2024,7/8/2024,0,1.63,35.95,0.00741,6.8,23.9,190,0.825,,,344.4
228,Paul,2024,7/8/2024,2.5,1.92,39.9,0.00748,6.9,21.5,190,0.156,,,344.4
329,Peter,2018,8/1/2018,13,428.84,510.75,NA,0.05,4.5,213,0,"bad reps, replaced with higher value",,
229,Paul,2024,7/8/2024,4.5,0.5,31,0.008295,10.6,13.4,190,0.046,,,344.4
230,Paul,2024,7/8/2024,6.5,0.06,215,0,4.5,7.7,190,0.011,,,344.4
434,Peter,2019,8/1/2019,15,430.39,533.12,NA,0.13,4.6,213,0,,,
231,Paul,2024,7/8/2024,8,31.55,269,0,0.6,6.2,190,0.0036,,,344.4
232,Paul,2024,7/8/2024,9,42.35,268.5,0.001395,0.4,5.5,190,0.0018,,,
130,Paul,2019,7/11/2019,2.5,1.88,47.93,NA,8.36,21.4,192,0.12,,3.58,235.47
131,Paul,2019,7/11/2019,4.5,0.57,57.23,NA,10.71,10.6,192,0.03,,3.58,235.47
233,Paul,2024,7/8/2024,11.5,137,347.5,0,0.2,5.4,190,0,,,
45,Paul,2018,7/25/2018,8,92.53,351.29,NA,0.1,5.4,206,0.002,,4.18,152.77
132,Paul,2019,7/11/2019,6.5,13.1,306.34,NA,0.35,6.7,192,0.006,,3.58,235.47
508,Peter,2024,7/15/2024,0,0.68,-2.22,0.00748,8.1,27.3,197,0.678,,,14471.33
509,Peter,2024,7/15/2024,3.5,0.02,88.75,0.00897,8.7,13.5,197,0.006,,,14471.33
510,Peter,2024,7/15/2024,6,0.01,230,0.00122,3.2,6,197,0.0002,,,14471.33
511,Peter,2024,7/15/2024,9,38,257.5,0,0.36,4.7,197,0,"do measurement bad, replaced with mean from same depth and year",,
512,Peter,2024,7/15/2024,11,133,324,0,0.31,4.6,197,0,"do measurement bad, replaced with mean from same depth and year",,
513,Peter,2024,7/15/2024,13,272,384,0,0.25,4.6,197,0,"do measurement bad, replaced with mean from same depth and year",,
514,Peter,2024,7/15/2024,16,367,407.5,0,0.4,4.6,197,0,,,
234,Paul,2024,7/15/2024,0,1.57,35.65,0.006815,7.3,27.1,197,0.922,,,299.7
235,Paul,2024,7/15/2024,2.5,0.81,42.3,0.00645,7.8,23.4,197,0.186,,,299.7
236,Paul,2024,7/15/2024,4.5,0.15,24.5,0.008,11.2,13.8,197,0.056,,,299.7
237,Paul,2024,7/15/2024,6.5,0.09,201.5,0,4.3,8,197,0.019,,,299.7
238,Paul,2024,7/15/2024,8,23.1,271.5,0,0.4,6.6,197,0.0062,,,299.7
239,Paul,2024,7/15/2024,9,96.85,315.5,0,0.2,5.7,197,0.0033,,,
240,Paul,2024,7/15/2024,11.5,181,358.5,0,0.2,5.7,197,0,,,
515,Peter,2024,7/22/2024,0,0.53,-2.32,0.00735,8.8,26.4,204,0.567,,,24185.33
516,Peter,2024,7/22/2024,3.5,-0.01,122,0.0078,7.5,15.3,204,0.005,,,24185.33
517,Peter,2024,7/22/2024,6,0.15,234,0,1.2,5.9,204,0.0001,,,24185.33
518,Peter,2024,7/22/2024,9,32.5,250.5,0,0.6,4.6,204,0,,,
519,Peter,2024,7/22/2024,11,128,303,0,0.3,4.5,204,0,,,
520,Peter,2024,7/22/2024,13,329,370.5,0,0.2,4.6,204,0,,,
521,Peter,2024,7/22/2024,16,414.5,404.5,0,0.3,4.6,204,0,,,
46,Paul,2018,7/25/2018,9,185.27,477.7,NA,0.07,5.1,206,0.0009,,,
241,Paul,2024,7/22/2024,0,1.22,31.2,0.00614,7.5,26.2,204,0.791,,,258.78
242,Paul,2024,7/22/2024,2.5,1.08,35.7,0.00585,7.5,23.3,204,0.262,,,258.78
243,Paul,2024,7/22/2024,4.5,0.2,26.8,0.00723,12.5,14.8,204,0.108,,,258.78
244,Paul,2024,7/22/2024,6.5,0.05,146.5,0.001265,3.6,8.2,204,0.032,,,258.78
133,Paul,2019,7/11/2019,8,59.07,324.81,NA,0.15,5.4,192,0.0017,,3.58,235.47
47,Paul,2018,7/25/2018,10,216.13,443.75,NA,0.1,5.1,206,0,"Bad reps, replaced with higher value",,
245,Paul,2024,7/22/2024,8,14.2,251,0,0.9,6.5,204,0.0089,,,258.78
246,Paul,2024,7/22/2024,9,89.8,260,0,0.6,5.7,204,0.005,"Bad reps, replaced with higher value",,
247,Paul,2024,7/22/2024,11.5,166,312,0,0.2,5.4,204,0,"Bad reps, replaced with higher value",,
522,Peter,2024,7/29/2024,0,0.56,-1.92,0.007305,7,26.3,211,0.649,,,18409.33
134,Paul,2019,7/11/2019,9,127.28,399.84,NA,0.14,5.2,192,0.0008,,,
48,Paul,2018,7/25/2018,11.5,172.04,424.25,NA,0.1,5.1,206,0,substituted erroneous CH4 (121) with mean of anoxic depths on the same date,,
523,Peter,2024,7/29/2024,3.5,0.05,107,0.0083,5.9,12.1,211,0.016,,,18409.33
524,Peter,2024,7/29/2024,6,0.17,170.5,0.002465,0.4,5.9,211,0.0009,,,18409.33
525,Peter,2024,7/29/2024,9,33.15,253,0,0.3,4.6,211,0,,,
526,Peter,2024,7/29/2024,11,121,305,0,0.3,4.5,211,0,"bad reps, replaced with higher value",,
135,Paul,2019,7/11/2019,10,127.09,418.5,NA,0.15,5.1,192,0,,,
136,Paul,2019,7/11/2019,11.5,137.57,432.05,NA,0.1,5.1,192,0,,,
137,Paul,2019,7/18/2019,0,3.53,55,NA,6.28,25.7,199,0.81,,4.14,227.75
138,Paul,2019,7/18/2019,2.5,2.85,59.67,NA,5.84,23.8,199,0.09,,4.14,227.75
139,Paul,2019,7/18/2019,4.5,0.81,58.36,NA,10.99,11.9,199,0.02,,4.14,227.75
140,Paul,2019,7/18/2019,6.5,2.08,280.88,NA,0.21,7.2,199,0.004,,4.14,227.75
49,Paul,2018,8/1/2018,0,1.21,23.98,NA,6.83,23.3,213,0.89,,3.98,187.97
141,Paul,2019,7/18/2019,8,107.39,350.3,NA,0.1,5.7,199,0.0011,,4.14,227.75
435,Peter,2019,8/1/2019,16,464.83,534.29,NA,0.13,4.6,213,0,,,
142,Paul,2019,7/18/2019,9,114.3,355.21,NA,0.07,5.4,199,0.0005,,,
50,Paul,2018,8/1/2018,2.5,2,45.13,NA,6.45,22.3,213,0.13,,3.98,187.97
527,Peter,2024,7/29/2024,13,265.5,361,0,0.2,4.6,211,0,,,
51,Paul,2018,8/1/2018,4.5,1.39,27.46,NA,5.85,13.1,213,0.03,,3.98,187.97
143,Paul,2019,7/18/2019,10,161.51,386.14,NA,0.07,5.3,199,0,,,
52,Paul,2018,8/1/2018,6.5,1.97,13.34,NA,0.37,7,213,0.0078,,3.98,187.97
528,Peter,2024,7/29/2024,16,335.5,401.5,0,0.2,4.6,211,0,,,
248,Paul,2024,7/29/2024,0,1.2,27.85,0.00583,5.6,26.8,211,0.804,,,190.9
249,Paul,2024,7/29/2024,2.5,0.64,34.5,0.005855,5.8,23.8,211,0.198,,,190.9
250,Paul,2024,7/29/2024,4.5,0.13,43.7,0.00691,8.7,15.4,211,0.057,,,190.9
53,Paul,2018,8/1/2018,8,96.69,62.06,NA,0.07,5.5,213,0.0026,substituted erroneous CH4 (0.48) with mean of the week previous and following,3.98,187.97
144,Paul,2019,7/18/2019,11.5,185.68,419.64,NA,0.1,5.3,199,0,,,
330,Peter,2018,8/1/2018,15,564.51,463.48,NA,0.04,4.5,213,0,,,
54,Paul,2018,8/1/2018,9,197.71,512,NA,0.06,5.2,213,0.0012,"Bad reps, replaced with higher value",,
55,Paul,2018,8/1/2018,10,228.99,13.33,NA,0.05,5.1,213,0,substituted erroneous CH4 (0.64) with mean of the week previous and following,,
56,Paul,2018,8/1/2018,11.5,236.36,42.9,NA,0.1,5.1,213,0,substituted erroneous CH4 (1.38) with mean of the week previous and following,,
145,Paul,2019,7/25/2019,0,3.51,84.81,NA,6.11,24.4,206,0.79,,4.41,305.84
436,Peter,2019,8/8/2019,0,1.72,0,NA,8.43,24.1,220,0.72,,30.21,3533.965278
251,Paul,2024,7/29/2024,6.5,0.24,218,0,2.1,8.3,211,0.007,,,190.9
57,Paul,2018,8/8/2018,0,1.42,21.92,NA,7.75,23,220,0.83,,3.28,174.37
437,Peter,2019,8/8/2019,3.5,1.04,34.55,NA,10.82,13.6,220,0.01,,30.21,3533.965278
331,Peter,2018,8/1/2018,16,630.77,520.1,NA,0.04,4.5,213,0,,,
332,Peter,2018,8/8/2018,0,0.87,0,NA,7.61,22.6,220,0.87,,2.71,372.11
252,Paul,2024,7/29/2024,8,31.65,263,0,0.3,6.6,211,0.0036,,,190.9
253,Paul,2024,7/29/2024,9,84.9,263.5,0,0.2,5.9,211,0.0018,"Bad reps, replaced with higher value",,
146,Paul,2019,7/25/2019,2.5,2.08,90.74,NA,5.48,22.9,206,0.08,,4.41,305.84
58,Paul,2018,8/8/2018,2.5,1.22,0,NA,7.34,22,220,0.12,,3.28,174.37
59,Paul,2018,8/8/2018,4.5,1.19,88.82,NA,5.56,13.3,220,0.03,,3.28,174.37
254,Paul,2024,7/29/2024,11.5,143,333.5,0,0.2,5.4,211,0,,,
529,Peter,2024,8/5/2024,0,1.15,-2.61,0.007275,6.5,24.6,218,0.806,,,65461.33
60,Paul,2018,8/8/2018,6.5,0.35,280.94,NA,0.13,7.4,220,0.0062,,3.28,174.37
333,Peter,2018,8/8/2018,3.5,0.5,54.59,NA,10.38,16.6,220,0.07,,2.71,372.11
61,Paul,2018,8/8/2018,8,100.84,429.23,NA,0.08,5.7,220,0.0019,,3.28,174.37
62,Paul,2018,8/8/2018,9,241.14,413.41,NA,0.07,5.4,220,0.0009,,,
438,Peter,2019,8/8/2019,6,3.73,250.21,NA,0.12,6.1,220,0.0006,,30.21,3533.965278
63,Paul,2018,8/8/2018,10,241.86,385.56,NA,0.07,5.2,220,0,,,
530,Peter,2024,8/5/2024,3.5,0.07,98.8,0.00757,5.9,14.1,218,0.007,,,65461.33
334,Peter,2018,8/8/2018,6,1.03,281.4,NA,0.15,6.3,220,0.005,,2.71,372.11
531,Peter,2024,8/5/2024,6,0.8,217,0,0.3,6.2,218,0.0001,,,65461.33
532,Peter,2024,8/5/2024,9,41.45,262.5,0,0.2,4.7,218,0,,,
533,Peter,2024,8/5/2024,11,123,292,0,0.2,4.6,218,0,"bad reps, replaced with higher value",,
64,Paul,2018,8/8/2018,11.5,300.68,409.71,NA,0.1,5.2,220,0,,,
534,Peter,2024,8/5/2024,13,278,356,0,0.2,4.6,218,0,,,
439,Peter,2019,8/8/2019,9,104.39,178.65,NA,0.09,4.7,220,0,"bad rep, replaced with single valid measurement",,
147,Paul,2019,7/25/2019,4.5,0.95,83.59,NA,9.3,11.1,206,0.02,,4.41,305.84
535,Peter,2024,8/5/2024,16,298,388.5,0,0.2,4.6,218,0,,,
255,Paul,2024,8/5/2024,0,1.47,31,0.006195,5.1,24.2,218,0.655,,,201.79
256,Paul,2024,8/5/2024,2.5,1.31,33.65,0.005505,4.9,24.1,218,0.149,,,201.79
257,Paul,2024,8/5/2024,4.5,0.09,46.95,0.00667,7.6,16,218,0.039,,,201.79
258,Paul,2024,8/5/2024,6.5,0.04,204,0,2.4,8.4,218,0.011,,,201.79
259,Paul,2024,8/5/2024,8,53.65,286,0,0.4,6.6,218,0.0046,,,201.79
148,Paul,2019,7/25/2019,6.5,7.22,314.04,NA,0.25,6.4,206,0.004,,4.41,305.84
65,Paul,2018,8/15/2018,0,2.07,0,NA,6.6,25,227,0.75,,1.71,155.65
440,Peter,2019,8/8/2019,11,170.35,352.47,NA,0.07,4.6,220,0,,,
149,Paul,2019,7/25/2019,8,61.53,384.97,NA,0.16,5.6,206,0.0011,"Bad reps, replaced with higher value",4.41,305.84
260,Paul,2024,8/5/2024,9,87.6,283,0,0.3,5.8,218,0.0023,,,
335,Peter,2018,8/8/2018,9,65.13,387.2,NA,0.09,4.7,220,0,,,
336,Peter,2018,8/8/2018,11,160.81,366.21,NA,0.08,4.6,220,0,,,
337,Peter,2018,8/8/2018,13,315.64,428.37,NA,0.08,4.5,220,0,,,
441,Peter,2019,8/8/2019,13,320.7,444.35,NA,0.3,4.6,220,0,,,
150,Paul,2019,7/25/2019,9,119.15,430.43,NA,0.13,5.4,206,0.0005,,,
338,Peter,2018,8/8/2018,15,487.58,492.46,NA,0.07,4.6,220,0,,,
261,Paul,2024,8/5/2024,11.5,178.5,321.5,0,0.2,5.5,218,0,,,
151,Paul,2019,7/25/2019,10,145.75,480.19,NA,0.15,5.2,206,0,,,
66,Paul,2018,8/15/2018,2.5,2.2,0,NA,6.49,23.6,227,0.13,,1.71,155.65
67,Paul,2018,8/15/2018,4.5,1.31,0,NA,4.7,14.5,227,0.03,,1.71,155.65
442,Peter,2019,8/8/2019,15,348.06,467.03,NA,0.14,4.6,220,0,,,
536,Peter,2024,8/14/2024,0,0.59,48.1,0.00325,5.6,23.4,227,0.74,,,230.88
537,Peter,2024,8/14/2024,3.5,0.33,124.5,0.00307,4.8,14.1,227,0.019,,,230.88
443,Peter,2019,8/8/2019,16,421.05,505.42,NA,0.13,4.6,220,0,,,
152,Paul,2019,7/25/2019,11.5,149.23,448.2,NA,0.1,5.2,206,0,,,
153,Paul,2019,8/1/2019,0,2.49,72.26,NA,6.7,23.1,213,0.72,,5.11,332.56
154,Paul,2019,8/1/2019,2.5,2.32,58.17,NA,6.3,22.9,213,0.08,,5.11,332.56
68,Paul,2018,8/15/2018,6.5,0.58,0,NA,0.17,7.8,227,0.0081,,1.71,155.65
155,Paul,2019,8/1/2019,4.5,0.8,77.95,NA,9.95,11.9,213,0.02,,5.11,332.56
538,Peter,2024,8/14/2024,6,1.08,151.25,-0.003535,0.2,6.2,227,0.0013,"bad rep, replaced with single valid measurement",,230.88
539,Peter,2024,8/14/2024,9,53.6,318,0,0.2,4.7,227,0,,,
540,Peter,2024,8/14/2024,11,222.5,421,0,0.2,4.6,227,0,,,
541,Peter,2024,8/14/2024,13,324,473.5,0,0.2,4.6,227,0,,,
69,Paul,2018,8/15/2018,8,130.87,422.4,NA,0.08,5.9,227,0.0027,"bad reps, replaced with the lower value",1.71,155.65
262,Paul,2024,8/14/2024,0,1.1,29.05,0.002615,7.2,25.2,227,0.807,,,163.69
542,Peter,2024,8/14/2024,16,378,472.5,0,0.1,4.6,227,0,,,
263,Paul,2024,8/14/2024,2.5,0.97,30.2,0.0016,8.2,20.7,227,0.164,,,163.69
156,Paul,2019,8/1/2019,6.5,12.99,303.34,NA,0.33,7.2,213,0.005,,5.11,332.56
70,Paul,2018,8/15/2018,9,226.99,392.04,NA,0.07,5.5,227,0.0013,,,
444,Peter,2019,8/15/2019,0,1.45,44.43,NA,6.28,22,227,0.77,,4.40,654.2460027
264,Paul,2024,8/14/2024,4.5,0.26,89.1,0.0009585,9.8,17,227,0.042,,,163.69
265,Paul,2024,8/14/2024,6.5,0.12,268,-0.0037,1.3,9.1,227,0.011,,,163.69
157,Paul,2019,8/1/2019,8,74.24,356.51,NA,0.18,5.7,213,0.0014,,5.11,332.56
71,Paul,2018,8/15/2018,10,334.49,443.99,NA,0.07,5.3,227,0,,,
72,Paul,2018,8/15/2018,11.5,423.01,468.36,NA,0.1,5.3,227,0,,,
266,Paul,2024,8/14/2024,8,70.15,339.5,0,0.3,6.8,227,0.0035,,,163.69
267,Paul,2024,8/14/2024,9,95.3,NA,NA,0.2,6.8,227,0.0017,"value missing, average of week prior and after",,
445,Peter,2019,8/15/2019,3.5,0.78,82.76,NA,8.98,13.6,227,0.02,,4.40,654.2460027
268,Paul,2024,8/14/2024,11.5,187.75,NA,NA,0.1,6.8,227,0,"value missing, average of week prior and after",,
543,Peter,2024,8/19/2024,0,1,21,0.00516,8.1,22.7,232,0.839,,,908.77
446,Peter,2019,8/15/2019,6,3.47,257.18,NA,0.14,6,227,0.0014,,4.40,654.2460027
447,Peter,2019,8/15/2019,9,68.42,302.04,NA,0.09,4.7,227,0,,,
448,Peter,2019,8/15/2019,11,177.05,362.56,NA,0.09,4.6,227,0,,,
544,Peter,2024,8/19/2024,3.5,0.2,166,0.005195,6.4,14.5,232,0.024,,,908.77
449,Peter,2019,8/15/2019,13,320.5,432.04,NA,0.08,4.6,227,0,,,
158,Paul,2019,8/1/2019,9,117.34,365.2,NA,0.18,5.4,213,0.0006,,,
545,Peter,2024,8/19/2024,6,2.87,256,-0.003755,0.7,6.2,232,0.0015,,,908.77
159,Paul,2019,8/1/2019,10,183.21,432.09,NA,0.19,5.3,213,0,,,
339,Peter,2018,8/8/2018,16,512.16,518.55,NA,0.07,4.6,220,0,,,
450,Peter,2019,8/15/2019,15,428.83,475.88,NA,0.02,4.6,227,0,,,
160,Paul,2019,8/1/2019,11.5,176.03,431.66,NA,0.1,5.3,213,0,,,
161,Paul,2019,8/8/2019,0,2.28,45.99,NA,5.92,23.8,220,0.75,,6.00,305.49
162,Paul,2019,8/8/2019,2.5,2.14,51.87,NA,6.03,23.5,220,0.08,,6.00,305.49
451,Peter,2019,8/15/2019,16,392.1,499.83,NA,0.02,4.6,227,0,,,
163,Paul,2019,8/8/2019,4.5,0.44,106.35,NA,9.66,12.6,220,0.02,,6.00,305.49
546,Peter,2024,8/19/2024,9,44.7,297,0,0.5,4.7,232,0,,,
164,Paul,2019,8/8/2019,6.5,11.75,169.68,NA,0.13,7.3,220,0.004,"suspicious CH4 values (0.52) for anoxic conditions, replaced with mean of week before and after",6.00,305.49
165,Paul,2019,8/8/2019,8,108.52,371.84,NA,0.11,6,220,0.0011,,6.00,305.49
166,Paul,2019,8/8/2019,9,125.97,409.49,NA,0.25,5.6,220,0.0005,,4.32,
452,Peter,2019,8/22/2019,0,1.27,41.31,NA,6.83,21.3,234,0.82,,4.32,832.15625
167,Paul,2019,8/8/2019,10,174.15,386.32,NA,0.18,5.1,220,0,,,
547,Peter,2024,8/19/2024,11,253.5,411,0,0.3,4.6,232,0,,,
168,Paul,2019,8/8/2019,11.5,199.98,419.3,NA,0.1,5.1,220,0,,6.002686259,
169,Paul,2019,8/15/2019,0,1.84,31.62,NA,6.64,21.8,227,0.77,,7.41,353.64
340,Peter,2018,8/15/2018,0,1.66,0,NA,6.89,25,227,0.79,,1.83,326.33
269,Paul,2024,8/19/2024,0,2.12,26.15,0.001205,7.4,22.9,232,0.785,,,339.2
548,Peter,2024,8/19/2024,13,351,461,0,0.25,4.6,232,0,,,
270,Paul,2024,8/19/2024,2.5,1.13,30.6,0.001565,7.5,21.3,232,0.146,,,339.2
170,Paul,2019,8/15/2019,2.5,1.91,38.05,NA,6.01,21.7,227,0.11,,7.41,353.64
171,Paul,2019,8/15/2019,4.5,0.52,93.52,NA,8.1,12.4,227,0.03,,7.41,353.64
549,Peter,2024,8/19/2024,16,396.5,468.5,0,0.4,4.6,232,0,,,
172,Paul,2019,8/15/2019,6.5,10.5,277.67,NA,0.31,7.5,227,0.01,,7.41,353.64
453,Peter,2019,8/22/2019,3.5,0.95,70.11,NA,9.42,14.3,234,0.04,,4.32,832.15625
173,Paul,2019,8/15/2019,8,84.02,346.23,NA,0.11,6,227,0.0037,,7.41,353.64
174,Paul,2019,8/15/2019,9,152.35,394.68,NA,0.12,5.7,227,0.0018,,,
271,Paul,2024,8/19/2024,4.5,0.47,65.95,0.0007295,8.5,17.1,232,0.037,,,339.2
341,Peter,2018,8/15/2018,3.5,0.76,0,NA,9.32,17.9,227,0.05,,1.83,326.33
272,Paul,2024,8/19/2024,6.5,0.1,285.5,0,1.8,9.5,232,0.01,,,339.2
175,Paul,2019,8/15/2019,10,181.42,405.53,NA,0.09,5.4,227,0,,,
342,Peter,2018,8/15/2018,6,1.24,0,NA,0.66,6.7,227,0.0055,,1.83,326.33
454,Peter,2019,8/22/2019,6,3.07,222.3,NA,0.33,6.4,234,0.0032,,4.32,832.15625
455,Peter,2019,8/22/2019,9,80.13,296.92,NA,0.14,4.7,234,0,,,
176,Paul,2019,8/15/2019,11.5,163.97,382.25,NA,0.1,5.4,227,0,,,
456,Peter,2019,8/22/2019,11,202.09,351.56,NA,0.13,4.6,234,0,,,
343,Peter,2018,8/15/2018,9,35.45,360.47,NA,0.08,5,227,0,,,
344,Peter,2018,8/15/2018,11,,567.45,NA,0.07,4.8,227,0,suspiciously high CH4 value (391.31) removed to interpolate,,
457,Peter,2019,8/22/2019,13,335.96,437.64,NA,0.1,4.6,234,0,,,
458,Peter,2019,8/22/2019,15,435.17,485.79,NA,0.11,4.6,234,0,,,
273,Paul,2024,8/19/2024,8,92.3,329.5,0,0.6,6.8,232,0.0022,,,339.2
274,Paul,2024,8/19/2024,9,103,310.5,0,0.4,5.9,232,0.001,,,
345,Peter,2018,8/15/2018,13,518.26,614.52,NA,0.07,4.6,227,0,"bad reps, replaced with lower value",,
459,Peter,2019,8/29/2019,0,1.31,22.68,NA,7.81,18.4,241,0.82,,13.56,1729.402302
346,Peter,2018,8/15/2018,15,567.13,648.62,NA,0.07,4.6,227,0,"bad reps, replaced with lower value",,
460,Peter,2019,8/29/2019,3.5,1.2,57.8,NA,7.58,15.3,241,0.05,,13.56,1729.402302
275,Paul,2024,8/19/2024,11.5,197,408.5,0,0.2,5.5,232,0,,,
177,Paul,2019,8/22/2019,0,1.78,27.1,NA,7.99,21.1,234,0.77,,6.47,326.12
347,Peter,2018,8/15/2018,16,588.58,690.15,NA,0.06,4.7,227,0,"bad reps, replaced with lower value",,
461,Peter,2019,8/29/2019,6,8.49,276.28,NA,0.22,6.6,241,0.0055,,13.56,1729.402302
462,Peter,2019,8/29/2019,9,150.42,374.15,NA,0.16,4.7,241,0,,,
463,Peter,2019,8/29/2019,11,194.25,404.56,NA,0.13,4.6,241,0,,,
464,Peter,2019,8/29/2019,13,348.88,487.69,NA,0.14,4.6,241,0,,,
178,Paul,2019,8/22/2019,2.5,1.69,29.72,NA,8.01,21.2,234,0.09,,6.47,326.12
179,Paul,2019,8/22/2019,4.5,0.81,113.21,NA,7.51,13.7,234,0.02,,6.47,326.12
180,Paul,2019,8/22/2019,6.5,3.25,210.16,NA,0.19,7.5,234,0.007,,6.47,326.12
181,Paul,2019,8/22/2019,8,64.56,306.97,NA,0.13,6,234,0.0023,,6.47,326.12
182,Paul,2019,8/22/2019,9,136.09,343.09,NA,0.22,5.6,234,0.0008,,,
183,Paul,2019,8/22/2019,10,159.78,356.16,NA,0.18,5.4,234,0,,,
184,Paul,2019,8/22/2019,11.5,203.85,364.27,NA,0.1,5.4,234,0,,,
185,Paul,2019,8/29/2019,0,1.72,36.13,NA,7.68,18.4,241,0.092,,4.33,283.64
186,Paul,2019,8/29/2019,2.5,1.77,38.63,NA,7.49,18.4,241,0.012,,4.33,283.64
187,Paul,2019,8/29/2019,4.5,0.82,112.02,NA,5.93,13.7,241,0.03,,4.33,283.64
188,Paul,2019,8/29/2019,6.5,12.46,241.74,NA,0.31,8.3,241,0.006,,4.33,283.64
189,Paul,2019,8/29/2019,8,139.53,300.29,NA,0.25,6,241,0.0018,,4.33,283.64
190,Paul,2019,8/29/2019,9,193.48,347.23,NA,0.23,5.6,241,0.002,,,
191,Paul,2019,8/29/2019,10,250.68,374.37,NA,0.21,5.5,241,0,,,
465,Peter,2019,8/29/2019,15,464.77,497.35,NA,NA,NA,241,0,,,
